YY,XX,wav,flux,flux_err,fwhm,vel
0,149.0,142.0,6580.78,0.3242967,396.46462,243.1366,0.0
1,150.0,142.0,6559.6,0.029180257,800.70227,104.53707,0.0
2,151.0,142.0,6580.8,0.34979763,383.60696,234.21337,0.0
3,152.0,142.0,6580.8,0.38642794,390.76919,244.16265,0.0
4,153.0,142.0,6581.0,0.36881469,367.5532,232.01995,0.0
5,154.0,142.0,6581.02,0.37756569,374.08831,228.95256,0.0
6,155.0,142.0,6580.9,0.40974217,363.53428,226.23543,0.0
7,156.0,142.0,6580.9,0.43057552,367.92448,224.43804,0.0
8,157.0,142.0,6580.85,0.40241172,388.75894,217.74739,0.0
9,158.0,142.0,6581.0,0.38588829,349.39871,201.33082,0.0
10,159.0,142.0,6581.0,0.3883073,328.45477,191.82752,0.0
11,160.0,142.0,6581.3,0.212663,359.7773,138.66309,0.0
12,161.0,142.0,6581.3,0.20130209,401.31337,145.46663,0.0
13,162.0,142.0,6581.22,0.28744345,436.96531,206.20367,0.0
14,163.0,142.0,6581.4,0.23332907,447.09826,177.48249,0.0
15,164.0,142.0,6581.5,0.16521716,574.1569,163.45169,0.0
16,165.0,142.0,6581.5,0.14143594,660.30101,166.15646,0.0
17,166.0,142.0,6581.6,0.14875149,670.56702,160.37457,0.0
18,167.0,142.0,6581.7,0.14202501,722.48328,165.66309,0.0
19,168.0,142.0,6581.7,0.15087095,775.69809,168.19061,0.0
20,169.0,142.0,6581.8,0.1845437,629.8245,183.09183,0.0
21,170.0,142.0,6581.9,0.19336421,626.74553,192.48966,0.0
22,171.0,142.0,6582.2,0.20549875,663.40395,207.38491,0.0
23,172.0,142.0,6582.0,0.18496705,572.29943,193.29926,0.0
24,173.0,142.0,6582.2,0.18009367,662.75042,209.48614,0.0
25,174.0,142.0,6582.6,0.20250822,817.97978,230.88099,0.0
26,148.0,143.0,6580.4,0.45006995,309.11193,258.82076,0.0
27,149.0,143.0,6580.4,0.42576842,349.01432,248.16942,0.0
28,150.0,143.0,6580.3,0.447436,366.52129,258.83697,0.0
29,151.0,143.0,6580.4,0.49090464,350.25309,266.0955,0.0
30,152.0,143.0,6580.6,0.4902393,360.16703,265.85785,0.0
31,153.0,143.0,6580.8,0.45844299,344.89514,245.77702,0.0
32,154.0,143.0,6580.8,0.48735441,315.44383,238.65496,0.0
33,155.0,143.0,6580.8,0.48355717,332.2642,231.8338,0.0
34,156.0,143.0,6580.8,0.44996835,533.12104,218.2839,0.0
35,157.0,143.0,6581.1,0.36340795,354.0191,187.95289,0.0
36,158.0,143.0,6581.0,0.43513908,338.01118,194.333,0.0
37,159.0,143.0,6581.2,0.36502487,350.19721,188.77552,0.0
38,160.0,143.0,6581.3,0.3182722,329.93342,173.27093,0.0
39,161.0,143.0,6581.2,0.34735722,356.57661,196.42898,0.0
40,162.0,143.0,6581.3,0.34321079,330.97884,186.7497,0.0
41,163.0,143.0,6581.5,0.19390674,458.63835,149.66718,0.0
42,164.0,143.0,6581.2,0.24208426,400.26336,179.3652,0.0
43,165.0,143.0,6581.4,0.2287927,459.19948,195.82206,0.0
44,166.0,143.0,6581.7,0.22228114,472.84436,183.33014,0.0
45,167.0,143.0,6581.8,0.21004579,511.26292,192.10087,0.0
46,168.0,143.0,6581.6,0.19363495,461.83109,168.44124,0.0
47,169.0,143.0,6581.7,0.22040052,438.77866,176.55344,0.0
48,170.0,143.0,6581.9,0.20341113,471.80778,179.06643,0.0
49,171.0,143.0,6582.0,0.1915512,543.11638,191.05041,0.0
50,172.0,143.0,6582.2,0.21023003,568.0073,201.83354,0.0
51,173.0,143.0,6582.4,0.20435197,646.27408,210.82299,0.0
52,174.0,143.0,6582.6,0.22423407,793.00389,237.50736,0.0
53,148.0,144.0,6580.0,0.5617122,283.83899,246.94025,0.0
54,149.0,144.0,6580.2,0.57999855,278.22276,251.74392,0.0
55,150.0,144.0,6580.2,0.59646608,286.86977,253.92078,0.0
56,151.0,144.0,6580.3,0.60539064,298.79616,256.90321,0.0
57,152.0,144.0,6580.5,0.59801882,305.75713,258.69932,0.0
58,153.0,144.0,6580.6,0.58854482,292.36302,246.1031,0.0
59,154.0,144.0,6580.6,0.59112014,292.80023,241.26508,0.0
60,155.0,144.0,6580.8,0.56654417,268.49896,220.29042,0.0
61,156.0,144.0,6580.9,0.56183663,263.30168,215.15571,0.0
62,157.0,144.0,6581.0,0.4283338,367.66017,192.79253,0.0
63,158.0,144.0,6581.0,0.41938604,374.35984,183.17183,0.0
64,159.0,144.0,6581.2,0.40326659,272.14702,179.50945,0.0
65,160.0,144.0,6581.2,0.39139739,293.56389,178.84598,0.0
66,161.0,144.0,6581.4,0.4107292,250.41089,170.36737,0.0
67,162.0,144.0,6581.25,0.4079161,292.78872,191.58299,0.0
68,163.0,144.0,6581.4,0.32992897,344.17339,183.54246,0.0
69,164.0,144.0,6581.45,0.26446621,477.69613,184.67014,0.0
70,165.0,144.0,6581.5,0.26709457,377.13918,185.22461,0.0
71,166.0,144.0,6581.8,0.25649528,437.1307,181.98066,0.0
72,167.0,144.0,6581.75,0.24060169,463.3408,188.90619,0.0
73,168.0,144.0,6581.75,0.22683082,487.31002,176.68286,0.0
74,169.0,144.0,6581.9,0.22932982,478.3216,182.75944,0.0
75,170.0,144.0,6582.0,0.24258556,521.80865,195.38412,0.0
76,171.0,144.0,6582.2,0.25732543,577.02871,214.3714,0.0
77,172.0,144.0,6582.1,0.2144859,529.11793,194.03399,0.0
78,173.0,144.0,6582.33,0.21152228,690.75388,206.92199,0.0
79,174.0,144.0,6582.6,0.21090431,773.96,221.77799,0.0
80,148.0,145.0,6579.6,0.66031072,205.99594,216.64241,0.0
81,149.0,145.0,6579.7,0.60587897,360.78814,215.99932,0.0
82,150.0,145.0,6579.8,0.66475647,341.39555,232.81156,0.0
83,151.0,145.0,6580.1,0.72306766,481.23291,252.20229,0.0
84,152.0,145.0,6580.3,0.72195877,480.43069,251.93376,0.0
85,153.0,145.0,6580.8,0.6114535,247.78742,236.49319,0.0
86,154.0,145.0,6580.4,0.76078923,259.76028,249.74199,0.0
87,155.0,145.0,6580.6,0.67851072,259.24012,226.08803,0.0
88,156.0,145.0,6580.8,0.60782846,288.48956,214.15638,0.0
89,157.0,145.0,6580.8,0.65470832,288.05584,215.15429,0.0
90,158.0,145.0,6580.9,0.62332597,267.84494,206.76857,0.0
91,159.0,145.0,6580.85,0.63691323,248.47549,208.41211,0.0
92,160.0,145.0,6581.2,0.50933346,227.98422,179.79835,0.0
93,161.0,145.0,6581.0,0.57659612,231.3869,208.60275,0.0
94,162.0,145.0,6581.1,0.48809015,262.55052,208.37154,0.0
95,163.0,145.0,6581.6,0.25754502,310.35357,155.72957,0.0
96,164.0,145.0,6581.6,0.25142965,400.94088,174.69587,0.0
97,165.0,145.0,6581.6,0.21079092,423.08215,151.247,0.0
98,166.0,145.0,6581.7,0.22036673,422.91765,150.26305,0.0
99,167.0,145.0,6581.8,0.2761056,457.66275,184.57422,0.0
100,168.0,145.0,6581.9,0.27087329,439.80174,193.24286,0.0
101,169.0,145.0,6581.95,0.27620731,457.92371,191.2078,0.0
102,170.0,145.0,6582.0,0.2761054,417.02122,187.93639,0.0
103,171.0,145.0,6582.2,0.26897386,461.60772,197.09736,0.0
104,172.0,145.0,6582.2,0.29106559,508.5532,209.07567,0.0
105,173.0,145.0,6582.4,0.25228485,585.03999,211.97099,0.0
106,174.0,145.0,6582.7,0.25085913,638.63115,225.98294,0.0
107,148.0,146.0,6579.4,0.76111441,275.57056,185.29405,0.0
108,149.0,146.0,6579.4,0.79323576,337.87518,203.08211,0.0
109,150.0,146.0,6579.4,0.92123587,148.30898,209.94598,0.0
110,151.0,146.0,6579.8,0.90933654,392.11449,223.02045,0.0
111,152.0,146.0,6580.0,1.0474765,395.62882,251.43944,0.0
112,153.0,146.0,6580.1,1.012741,309.93891,248.97295,0.0
113,154.0,146.0,6580.1,0.92842152,235.18949,243.88876,0.0
114,155.0,146.0,6580.4,0.92716813,360.08526,244.3473,0.0
115,156.0,146.0,6580.6,0.87747013,357.06345,232.784,0.0
116,157.0,146.0,6580.8,0.75056637,363.15977,219.89789,0.0
117,158.0,146.0,6580.85,0.81598946,223.51307,214.16634,0.0
118,159.0,146.0,6581.2,0.6694885,174.94838,181.01946,0.0
119,160.0,146.0,6581.3,0.58329815,179.08517,168.56337,0.0
120,161.0,146.0,6581.3,0.17867647,167.49642,111.92696,0.0
121,162.0,146.0,6581.4,0.47100177,226.52311,174.70455,0.0
122,163.0,146.0,6581.4,0.32797737,273.38472,163.99198,0.0
123,164.0,146.0,6581.4,0.44900533,280.94752,209.2995,0.0
124,165.0,146.0,6581.5,0.37237904,343.43757,200.25337,0.0
125,166.0,146.0,6581.7,0.33342503,342.73473,178.56015,0.0
126,167.0,146.0,6581.8,0.30341097,366.61031,190.10676,0.0
127,168.0,146.0,6581.95,0.31754158,412.79709,196.92851,0.0
129,169.0,146.0,6581.95,0.30805744,436.27189,189.94938,0.0
129,170.0,146.0,6582.0,0.31959471,454.01346,189.89624,0.0
130,171.0,146.0,6582.2,0.33837549,447.61332,201.98534,0.0
131,172.0,146.0,6582.2,0.33066295,451.73378,202.40063,0.0
132,173.0,146.0,6582.27,0.30361822,436.84474,207.74303,0.0
133,174.0,146.0,6582.5,0.28671006,601.66258,227.11084,0.0
134,148.0,147.0,6579.2,1.0960786,108.29128,180.53267,0.0
135,149.0,147.0,6579.2,1.1517539,111.4131,190.8796,0.0
136,150.0,147.0,6579.4,1.2161432,117.18119,205.08799,0.0
137,151.0,147.0,6579.6,1.2063895,128.83021,216.77225,0.0
138,152.0,147.0,6579.89,1.2672521,138.41065,234.807,0.0
139,153.0,147.0,6580.29,1.2966727,150.59326,249.17197,0.0
140,154.0,147.0,6580.4,1.2609852,152.01147,246.09914,0.0
141,155.0,147.0,6580.4,1.1858462,153.07252,235.84067,0.0
142,156.0,147.0,6580.6,1.2044657,147.16253,237.63188,0.0
143,157.0,147.0,6580.65,1.144496,148.36682,230.56115,0.0
144,158.0,147.0,6580.8,1.093029,147.54607,223.14532,0.0
145,159.0,147.0,6580.91,0.99177695,178.21987,214.18474,0.0
146,160.0,147.0,6580.91,0.91273373,198.91787,219.59294,0.0
147,161.0,147.0,6580.89,0.84238189,185.2425,222.04734,0.0
148,162.0,147.0,6581.15,0.71214969,221.99934,214.49598,0.0
149,163.0,147.0,6581.3,0.54098543,289.99494,196.92952,0.0
150,164.0,147.0,6581.5,0.4196994,347.80936,191.30326,0.0
151,165.0,147.0,6581.6,0.46447477,308.60487,205.90232,0.0
152,166.0,147.0,6581.8,0.44022179,330.25312,205.19097,0.0
153,167.0,147.0,6581.9,0.39241896,377.80334,206.74194,0.0
154,168.0,147.0,6581.9,0.35486482,413.45567,198.10368,0.0
155,169.0,147.0,6582.1,0.35254031,356.90355,192.61049,0.0
156,170.0,147.0,6582.2,0.41026054,403.43016,214.10171,0.0
157,171.0,147.0,6582.3,0.43910647,440.00265,220.79385,0.0
158,172.0,147.0,6582.4,0.39232891,465.0792,211.30761,0.0
159,173.0,147.0,6582.6,0.36573015,443.02986,220.1878,0.0
160,174.0,147.0,6582.65,0.33463254,515.98631,227.4014,0.0
161,148.0,148.0,6579.1,1.2586141,161.81123,159.66284,0.0
162,149.0,148.0,6579.21,1.3243257,174.5077,172.67745,0.0
163,150.0,148.0,6579.4,1.3826114,216.01275,190.05397,0.0
164,151.0,148.0,6579.7,1.6729343,100.68436,218.41899,0.0
165,152.0,148.0,6580.0,1.6817537,112.48596,232.61056,0.0
166,153.0,148.0,6580.3,1.7942041,116.0169,246.69265,0.0
167,154.0,148.0,6580.4,1.5569039,311.05306,237.78321,0.0
168,155.0,148.0,6580.4,1.608568,144.48858,240.67907,0.0
169,156.0,148.0,6580.5,1.5016972,183.36033,233.60692,0.0
170,157.0,148.0,6580.6,1.4130167,148.6318,231.5734,0.0
171,158.0,148.0,6580.75,1.2995203,327.60609,221.33183,0.0
172,159.0,148.0,6580.95,1.0809203,212.9826,207.22638,0.0
173,160.0,148.0,6580.9,1.044599,262.20534,216.44391,0.0
174,161.0,148.0,6581.0,0.8872864,242.24951,203.40866,0.0
175,162.0,148.0,6581.25,0.30452788,209.77033,140.72355,0.0
176,163.0,148.0,6581.3,0.46212893,281.31521,170.20787,0.0
177,164.0,148.0,6581.3,0.47206313,363.71597,188.88087,0.0
178,165.0,148.0,6581.6,0.23816258,407.2965,138.26415,0.0
179,166.0,148.0,6581.8,0.46980311,512.3323,226.40092,0.0
180,167.0,148.0,6581.86,0.40092889,513.11972,194.05051,0.0
181,168.0,148.0,6582.0,0.40605065,482.12087,219.36938,0.0
182,169.0,148.0,6582.1,0.35918997,410.12572,190.66639,0.0
183,170.0,148.0,6582.3,0.43385259,405.30805,213.06686,0.0
184,171.0,148.0,6582.4,0.46852656,367.29904,213.63137,0.0
185,172.0,148.0,6582.4,0.39361041,393.01317,202.46145,0.0
186,173,148, 6582.55,0.34065130,438.44573,205.75511,0.0000000#
187,174,148, 6583.40,0.14850136,1184.0909,217.03539,0.0000000#
188,148,149, 6579.30,0.97076367,274.44820,222.31006,0.0000000
189,149,149, 6579.80,1.3046056,128.18696,204.34113,0.0000000
190,150,149, 6579.80,1.5965159,119.59210,212.36434,0.0000000
191,151,149, 6580.00,1.8215619,127.75514,236.85259,0.0000000
192,152,149, 6580.40,1.9192840,94.889642,207.58506,0.0000000
193,153,149, 6580.20,2.4797412,83.585475,233.72020,0.0000000
194,154,149, 6580.20,2.4093789,85.324162,232.58223,0.0000000
195,155,149, 6580.70,1.7781612,131.81876,221.40204,0.00000
196,156,149, 6581.60,0.16608172,44.046322,82.372127,0.0000000
197,157,149, 6581.80,0.20581168,56.632179,89.171596,0.0000000
198,158,149, 6581.80,0.26941912,69.210973,100.81315,0.0000000
199,159,149, 6581.70,0.31700800,78.350028,108.61781,0.0000000
200,160,149, 6581.70,0.35228499,100.89369,119.90157,0.0000000
201,161,149, 6581.70,0.28936705,110.52280,121.30050,0.0000000
202,162,149, 6581.80,0.16740187,121.39880,112.89721,0.0000000
203,163,149, 6582.00,0.14290299,159.26433,124.41425,0.0000000
204,164,149, 6581.80,0.24505839,257.91321,146.44282,0.0000000
205,165,149, 6581.60,0.62781926,320.02064,209.76138,0.0000000
206,166,149, 6581.80,0.49425856,395.67724,197.39314,0.0000000
207,167,149, 6582.00,0.49906298,389.02546,209.63676,0.0000000
208,168,149, 6582.10,0.49351366,490.49893,207.10269,0.0000000
209,169,149, 6582.70,0.41170930,358.79258,197.63222,0.0000000
210,170,149, 6582.90,0.42921891,365.14944,202.57182,0.0000000
211,171,149, 6582.90,0.46550299,350.92336,204.26396,0.0000000
212,172,149, 6582.90,0.38852274,386.00767,192.88147,0.0000000
213,173,149, 6583.00,0.35092885,459.46006,190.03288,0.0000000
214,174,149, 6583.90,0.20157843,518.18790,143.73220,0.0000000
215,148,150, 6579.20,1.3914243,267.89425,199.76982,0.0000000
216,149,150, 6579.40,2.1757505,148.66736,221.73239,0.0000000
217,150,150, 6579.40,2.6621167,118.07202,217.77091,0.0000000
218,151,150, 6580.20,2.5895569,86.019842,233.25619,0.0000000
219,152,150, 6580.20,3.2292494,61.986427,220.49141,0.0000000
220,153,150, 6580.20,3.7088529,57.534714,232.36173,0.0000000
221,154,150, 6580.20,3.6247603,57.845999,230.16984,0.0000000
222,155,150, 6580.30,3.2651332,62.746891,226.50561,0.0000000
223,156,150, 6581.80,0.90441441,57.994624,126.62197,0.0000000
224,157,150, 6582.00,0.42113877,50.056672,104.42978,0.0000000
225,158,150, 6582.00,0.47916498,58.090383,113.90972,0.0000000
226,159,150, 6582.00,0.42011681,64.927105,114.83671,0.0000000
227,160,150, 6582.00,0.29918520,68.917522,110.87447,0.0000000
228,161,150, 6581.60,0.36816336,85.432915,112.55259,0.0000000
229,162,150, 6581.60,0.31997131,130.06356,122.55422,0.0000000
230,163,150, 6581.85,0.45953430,179.55496,158.85482,0.0000000
231,164,150, 6581.80,0.38607808,275.50686,156.75843,0.0000000
232,165,150, 6581.90,0.49133555,318.92941,180.49005,0.0000000
233,166,150, 6582.00,0.65666157,309.07084,206.70219,0.0000000
234,167,150, 6582.30,0.59257252,388.26936,213.57508,0.0000000
235,168,150, 6582.05,0.57192482,353.81717,214.43391,0.0000000
236,169,150, 6547.20,0.043757144,0.0000000,114.02634,0.0000000
237,170,150, 6583.80,0.28808295,387.51272,156.51570,0.0000000
238,171,150, 6583.80,0.29534023,405.78342,160.32085,0.0000000
239,172,150, 6583.80,0.27052843,427.14344,157.45493,0.0000000
240,173,150, 6584.00,0.20098468,430.26460,142.60260,0.0000000
241,174,150, 6584.30,0.10797936,375.46610,127.41016,0.0000000
242,148,151, 6579.30,2.8110664,107.92512,177.32850,0.0000000
243,149,151, 6579.40,3.2873678,108.05444,202.20796,0.0000000
244,150,151, 6580.90,1.9788124,75.817828,182.69892,0.0000000
245,151,151, 6581.10,2.2347444,68.398081,185.74395,0.0000000
246,152,151, 6581.50,1.5750309,47.773064,141.46277,0.0000000
247,153,151, 6581.70,1.3484393,35.288902,122.91640,0.0000000
248,154,151, 6581.50,1.8014403,44.784790,144.77585,0.0000000
249,155,151, 6581.70,1.3272833,38.070722,123.67813,0.0000000
250,156,151, 6582.30,0.70871467,40.394926,122.13254,0.0000000
251,157,151, 6581.90,0.55655433,32.995509,-99.743955,0.0000000
252,158,151, 6582.10,0.57547703,41.714122,113.82808,0.0000000
253,159,151, 6581.80,0.67704315,48.633022,116.44709,0.0000000
254,160,151, 6581.50,0.61857526,68.977552,111.37531,0.0000000
255,161,151, 6581.50,0.70999870,89.623028,122.14925,0.0000000
256,162,151, 6581.85,0.78114374,126.43912,156.01192,0.0000000
257,163,151, 6581.92,0.98751978,165.09876,183.43040,0.0000000
258,164,151, 6581.80,1.2852775,136.32243,230.04188,0.0000000
259,165,151, 6581.80,1.0773611,168.70941,232.81643,0.0000000
260,166,151, 6582.20,0.94901468,199.02630,232.52461,0.0000000
261,167,151, 6582.30,0.75334804,401.91879,231.68697,0.0000000
262,168,151, 6582.20,0.35107710,2459.2784,-213.83159,0.0000000
263,169,151, 6582.60,0.59336227,330.95511,229.76220,0.0000000
264,170,151, 6583.10,0.49480587,356.26177,200.38907,0.0000000
265,171,151, 6583.10,0.50227029,356.92594,202.95257,0.0000000
266,172,151, 6583.50,0.41734711,375.46157,176.33256,0.0000000
267,173,151, 6583.70,0.31906343,462.46481,161.94091,0.0000000
268,174,151, 6583.70,0.29107831,512.90789,159.81590,0.0000000
269,148,152, 6579.60,3.3608859,66.558460,217.92540,0.0000000
270,149,152, 6579.80,4.1120618,61.572473,235.56631,0.0000000
271,150,152, 6580.80,3.2934397,56.431653,186.48797,0.0000000
272,151,152, 6581.20,2.9012135,51.175892,177.16243,0.0000000
273,152,152, 6581.60,1.9892820,30.604447,128.45374,0.0000000
274,153,152, 6581.80,1.7816206,25.556630,119.85981,0.0000000
275,154,152, 6581.40,2.8773499,36.096261,156.16968,0.0000000
276,155,152, 6581.80,1.7703157,27.642545,121.45276,0.0000000
277,156,152, 6581.80,1.5823324,27.782609,119.22565,0.0000000
278,157,152, 6581.90,1.5314764,32.318106,119.53368,0.0000000
279,158,152, 6581.80,1.7450507,36.360849,130.01957,0.0000000
280,159,152, 6581.50,0.96523353,40.228930,105.58232,0.0000000
281,160,152, 6581.65,1.1036982,52.585950,119.17537,0.0000000
282,161,152, 6581.75,1.1387199,68.129849,131.90855,0.0000000
283,162,152, 6581.80,2.0691350,111.01956,195.55176,0.0000000
284,163,152, 6582.10,1.9927852,153.09211,222.01540,0.0000000
285,164,152, 6582.20,1.6072748,171.55607,229.78102,0.0000000
286,165,152, 6582.30,1.2327336,218.97652,230.19243,0.0000000
287,166,152, 6582.50,1.1124307,204.44819,235.88587,0.0000000
288,167,152, 6582.55,0.92261528,253.27570,238.01889,0.0000000
289,168,152, 6582.55,0.77319023,280.70706,232.65596,0.0000000
290,169,152, 6582.70,0.66260806,358.15111,237.94864,0.0000000
291,170,152, 6582.80,0.63915998,332.26055,241.62438,0.0000000
292,171,152, 6584.10,0.14433805,306.99078,136.89044,0.0000000
293,172,152, 6584.30,0.12242375,280.12764,121.91369,0.0000000
294,173,152, 6584.40,0.10829514,285.72204,117.92967,0.0000000
295,174,152, 6584.30,0.13543016,291.57259,122.26956,0.0000000
296,148,153, 6580.30,3.2516568,66.394494,227.07950,0.0000000
297,149,153, 6580.90,1.8458173,111.84653,235.06525,0.0000000
298,150,153, 6581.10,1.4571445,73.798773,204.28977,0.0000000
299,151,153, 6581.50,1.8070039,26.969634,134.95795,0.0000000
300,152,153, 6581.70,1.5816766,19.537122,111.93412,0.0000000
301,153,153, 6581.70,1.6638198,18.895154,115.44790,0.0000000
302,154,153, 6581.80,0.97707111,15.005252,96.244494,0.0000000
303,155,153, 6582.20,0.46487485,14.920062,89.201910,0.0000000
304,156,153, 6581.60,0.55858452,13.037786,78.680940,0.0000000
305,157,153, 6581.80,0.70021242,16.997547,89.180582,0.0000000
306,158,153, 6581.60,1.0357467,22.004508,97.780788,0.0000000
307,159,153, 6581.50,1.6222623,34.404414,112.43204,0.0000000
308,160,153, 6581.80,0.95624712,32.994360,105.89266,0.0000000
309,161,153, 6581.70,1.1337815,57.287778,110.50537,0.0000000
310,162,153, 6581.80,4.4200450,91.655771,252.24401,0.0000000
311,163,153, 6582.10,2.9356058,143.61231,227.10438,0.0000000
312,164,153, 6582.20,2.3762155,171.01074,240.45828,0.0000000
313,165,153, 6582.50,1.6122637,216.69419,236.14224,0.0000000
314,166,153, 6582.50,1.4673067,162.78192,253.73828,0.0000000
315,167,153, 6582.40,1.0701946,203.05782,243.78670,0.0000000
316,168,153, 6582.80,0.84734226,225.75789,235.73261,0.0000000
317,169,153, 6582.80,0.68299183,268.14578,231.47888,0.0000000
318,170,153, 6583.00,0.58981185,333.10560,226.34857,0.0000000
319,171,153, 6584.10,0.25051857,317.08595,143.21488,0.0000000
320,172,153, 6584.10,0.25433860,304.35102,142.60365,0.0000000
321,173,153, 6584.10,0.24620465,322.75625,142.66858,0.0000000
322,174,153, 6584.10,0.25321477,313.23160,142.35883,0.0000000
323,148,154, 6580.40,4.1467594,50.555947,217.37819,0.0000000
324,149,154, 6580.90,3.8422438,56.217677,210.27223,0.0000000
325,150,154, 6581.00,4.8993645,34.948124,172.49413,0.0000000
326,151,154, 6581.20,4.6641990,33.819133,165.00484,0.0000000
327,152,154, 6581.40,4.0405010,28.355950,155.34592,0.0000000
328,153,154, 6581.20,5.1946707,31.320351,184.31751,0.0000000
329,154,154, 6581.20,5.1995082,31.523133,185.58060,0.0000000
330,155,154, 6581.40,4.5303612,29.295487,157.32852,0.0000000
331,156,154, 6581.80,0.80020803,12.917507,-87.994803,0.0000000
332,157,154, 6581.50,0.82405132,15.405844,85.314353,0.0000000
333,158,154, 6581.50,1.4441330,21.245571,97.658571,0.0000000
334,159,154, 6581.60,2.2692247,22.362869,111.02175,0.0000000
335,160,154, 6581.50,1.6982335,41.402261,100.75374,0.0000000
336,161,154, 6581.70,7.3210517,130.48961,278.80222,0.0000000
337,162,154, 6581.70,0.79068174,45.465645,99.876900,0.0000000
338,163,154, 6582.10,4.5576467,60.195564,244.08714,0.0000000
339,164,154, 6582.30,3.1933428,91.723290,238.51693,0.0000000
340,165,154, 6582.30,2.3336689,95.264282,256.46630,0.0000000
341,166,154, 6582.10,0.74617289,435.03863,297.91677,0.0000000
342,167,154, 6582.10,0.49205391,606.86655,264.33055,0.0000000
343,168,154, 6582.10,0.33356042,749.80679,276.15306,0.0000000
344,169,154, 6582.30,0.31854857,774.77004,270.46527,0.0000000
345,170,154, 6582.30,0.35606274,635.62612,283.96020,0.0000000
346,171,154, 6582.50,0.40337765,359.19546,202.24957,0.0000000
347,172,154, 6582.50,0.36127246,350.64939,187.63654,0.0000000
348,173,154, 6582.50,0.37599882,363.01535,195.99940,0.0000000
349,174,154, 6582.50,0.32397645,386.14655,194.60182,0.0000000
350,148,155, 6579.20,3.5136479,51.981412,182.95520,0.0000000
351,149,155, 6579.40,4.9298884,38.798935,191.55360,0.0000000
352,150,155, 6579.40,5.9621732,31.951607,189.28016,0.0000000
353,151,155, 6579.60,7.0857301,27.750362,200.58631,0.0000000
354,152,155, 6579.80,7.8729699,26.493943,209.36702,0.0000000
355,153,155, 6579.80,8.0046302,26.073128,213.87091,0.0000000
356,154,155, 6579.60,7.5703526,26.328306,212.91396,0.0000000
357,155,155, 6579.80,7.0016502,27.873336,207.29484,0.0000000
358,156,155, 6580.00,6.7165124,28.124357,233.78129,0.0000000
359,157,155, 6580.00,5.2123207,32.054321,230.87190,0.0000000
360,158,155, 6580.70,7.3173066,47.248706,299.04521,0.0000000
361,159,155, 6581.00,8.5871585,50.695247,300.92998,0.0000000
362,160,155, 6581.60,1.7560140,32.998526,-97.560697,0.0000000
363,161,155, 6581.70,1.5615606,35.893443,101.74960,0.0000000
364,162,155, 6582.10,6.8534797,51.646726,213.19642,0.0000000
365,163,155, 6582.40,5.1649255,99.214890,228.14444,0.0000000
366,164,155, 6584.30,0.53438779,38.167772,122.25005,0.0000000
367,165,155, 6584.70,0.18648337,44.781702,-95.156810,0.0000000
368,166,155, 6584.30,0.11650036,57.481894,-92.762365,0.0000000
369,167,155, 6584.30,0.085895103,77.565504,93.365227,0.0000000
370,168,155, 6584.30,0.11652772,128.48211,-109.18813,0.0000000
371,169,155, 6584.50,0.095400990,156.03062,107.91058,0.0000000
372,170,155, 6584.50,0.12659067,198.46418,-113.97374,0.0000000
373,171,155, 6584.20,0.34263554,242.44976,136.39994,0.0000000
374,172,155, 6584.20,0.27212039,1.9669965,119.42066,0.0000000
375,173,155, 6584.10,0.33289733,273.18436,136.92054,0.0000000
376,174,155, 6584.10,0.38519785,280.19445,138.79072,0.0000000
377,148,156, 6581.80,1.1272984,25.835640,108.05360,0.0000000
378,149,156, 6581.80,1.4471010,20.391383,108.85028,0.0000000
379,150,156, 6581.60,2.2582324,19.715235,125.09074,0.0000000
380,151,156, 6581.90,2.0619421,16.782873,114.64236,0.0000000
381,152,156, 6582.10,1.9106597,16.152724,118.32320,0.0000000
382,153,156, 6582.10,2.0163892,15.550490,126.13390,0.0000000
383,154,156, 6582.10,1.8986206,15.601049,128.10134,0.0000000
384,155,156, 6581.90,2.1711294,16.239329,124.89341,0.0000000
385,156,156, 6582.10,2.7927220,19.020449,144.86440,0.0000000
386,157,156, 6581.70,1.4812548,16.864779,105.51808,0.0000000
387,158,156, 6581.70,3.2153646,21.184973,132.31589,0.0000000
388,159,156, 6581.90,7.7023225,28.480427,185.29549,0.0000000
389,160,156, 6582.10,10.586912,23.084154,209.47131,0.0000000
390,161,156, 6582.10,8.9926225,26.502749,199.96983,0.0000000
391,162,156, 6582.30,8.5934025,40.010534,230.42663,0.0000000
392,163,156, 6583.30,4.8596716,43.224732,219.08057,0.0000000
393,164,156, 6583.90,1.9152678,56.986555,186.38241,0.0000000
394,165,156, 6583.90,1.3199524,81.539327,181.67400,0.0000000
395,166,156, 6584.30,0.81334793,101.35978,147.50480,0.0000000
396,167,156, 6584.30,0.58089837,143.03041,151.09718,0.0000000
397,168,156, 6584.30,0.47918947,193.36269,146.32573,0.0000000
398,169,156, 6584.50,0.40013408,239.60592,141.85770,0.0000000
399,170,156, 6584.20,0.44866251,259.33386,136.35270,0.0000000
400,171,156, 6584.10,0.56050120,261.30289,137.33714,0.0000000
401,172,156, 6584.10,0.59614630,263.48448,135.89623,0.0000000
402,173,156, 6584.10,0.56093406,260.12868,137.35073,0.0000000
403,174,156, 6584.10,0.52687877,268.01832,137.73678,0.0000000
404,148,157, 6581.60,0.55716611,14.981436,80.917582,0.0000000
405,149,157, 6581.90,1.7791968,20.259915,115.42681,0.0000000
406,150,157, 6581.70,2.4744317,19.408752,128.87667,0.0000000
407,151,157, 6581.80,2.8786236,19.119021,131.21992,0.0000000
408,152,157, 6582.00,2.8720921,17.405191,137.44573,0.0000000
409,153,157, 6582.00,3.4925249,17.513660,158.31771,0.0000000
410,154,157, 6581.70,0.51068060,7.9241032,-73.461281,0.0000000
411,155,157, 6582.00,0.59618296,8.8712166,88.282570,0.0000000
412,156,157, 6582.30,1.9151224,18.326862,154.14736,0.0000000
413,157,157, 6581.70,1.5097071,15.842100,109.70468,0.0000000
414,158,157, 6582.00,1.8443439,20.002726,133.50865,0.0000000
415,159,157, 6581.80,9.4238489,41.552823,210.19941,0.0000000
416,160,157, 6582.10,11.396451,21.004130,224.78137,0.0000000
417,161,157, 6582.25,10.937124,22.493607,229.33946,0.0000000
418,162,157, 6582.55,9.1891455,28.574156,243.68970,0.0000000
419,163,157, 6582.70,6.9771414,34.107340,251.16820,0.0000000
420,164,157, 6584.20,1.7837804,46.192662,150.43177,0.0000000
421,165,157, 6583.70,1.4707732,88.956972,177.59603,0.0000000
422,166,157, 6583.70,1.0214647,118.78172,159.16859,0.0000000
423,167,157, 6583.90,0.53459980,145.60805,147.17396,0.0000000
424,168,157, 6583.90,0.48233692,235.98440,154.03770,0.0000000
425,169,157, 6583.90,0.48597788,276.02892,151.91328,0.0000000
426,170,157, 6583.90,0.51161181,268.23283,145.75704,0.0000000
427,171,157, 6583.90,0.75102020,237.51223,150.07210,0.0000000
428,172,157, 6583.90,0.77309655,2.0169808,139.84976,0.0000000
429,173,157, 6583.90,0.75015934,2.0064264,138.80040,0.0000000
430,174,157, 6583.90,0.70736958,284.60942,146.76520,0.0000000
431,148,158, 6581.60,0.99990306,14.331956,-91.697240,0.0000000
432,149,158, 6581.70,0.99533920,11.532723,-89.156014,0.0000000
433,150,158, 6581.80,0.91446674,10.584430,-86.129027,0.0000000
434,151,158, 6581.80,1.0717376,10.272273,92.654938,0.0000000
435,152,158, 6582.00,1.7672465,13.155051,120.29439,0.0000000
436,153,158, 6582.20,2.0239540,15.184804,136.02957,0.0000000
437,154,158, 6582.60,1.1322410,16.895136,154.31542,0.0000000
438,155,158, 6581.60,6.3905587,2.5968735,199.38324,0.0000000
439,156,158, 6582.90,1.6713461,2.5281224,186.71650,0.0000000
440,157,158, 6582.90,3.4594874,32.870854,225.51949,0.0000000
441,158,158, 6583.10,3.9008182,30.038511,233.20461,0.0000000
442,159,158, 6582.90,8.3859223,27.861090,218.21593,0.0000000
443,160,158, 6583.30,8.0255613,26.385743,216.21978,0.0000000
444,161,158, 6583.70,5.9905669,28.943145,191.73929,0.0000000
445,162,158, 6584.10,3.9381218,29.844191,167.55743,0.0000000
446,163,158, 6584.30,2.9728471,38.491653,156.91142,0.0000000
447,164,158, 6584.30,2.1035165,50.151992,151.59649,0.0000000
448,165,158, 6584.30,1.5983212,69.513747,157.56146,0.0000000
449,166,158, 6584.50,1.1924193,107.62936,152.20123,0.0000000
450,167,158, 6584.30,0.89237664,138.74974,156.80402,0.0000000
451,168,158, 6584.20,0.67838755,187.26663,154.17651,0.0000000
452,169,158, 6584.20,0.62119349,206.76669,151.70878,0.0000000
453,170,158, 6584.00,0.72343983,256.76863,147.73001,0.0000000
454,171,158, 6584.00,0.82844871,243.10150,145.83768,0.0000000
455,172,158, 6584.00,0.84698186,2.1140925,130.12344,0.0000000
456,173,158, 6584.00,0.84205155,2.1117120,130.77509,0.0000000
457,174,158, 6584.00,0.78036721,306.93980,141.39126,0.0000000
458,148,159, 6581.60,3.7833384,19.892548,132.42749,0.0000000
459,149,159, 6581.60,4.2652993,18.184969,137.66487,0.0000000
460,150,159, 6581.60,4.3816807,19.065466,136.99839,0.0000000
461,151,159, 6581.60,4.8652651,2.1601991,151.33381,0.0000000
462,152,159, 6582.10,4.0299050,20.845368,147.50461,0.0000000
463,153,159, 6581.80,7.0822570,2.5894339,206.16969,0.0000000
464,154,159, 6581.80,9.8861321,23.978281,246.37223,0.0000000
465,155,159, 6582.00,9.1661908,22.442602,228.29490,0.0000000
466,156,159, 6582.00,10.972007,23.814245,257.44924,0.0000000
467,157,159, 6582.20,9.0800993,2.9129002,236.21724,0.0000000
468,158,159, 6582.40,9.2467277,31.475881,247.90931,0.0000000
469,159,159, 6583.20,6.0695017,28.406364,222.74909,0.0000000
470,160,159, 6583.60,5.2512417,30.701125,193.31027,0.0000000
471,161,159, 6583.80,4.0698025,24.162140,169.68581,0.0000000
472,162,159, 6583.80,3.8905871,28.984069,169.36534,0.0000000
473,163,159, 6584.00,3.0346744,33.691509,160.33312,0.0000000
474,164,159, 6584.20,2.2621768,41.831356,153.30159,0.0000000
475,165,159, 6584.20,1.7966203,65.951746,162.19436,0.0000000
476,166,159, 6584.20,1.3984215,98.323691,166.96781,0.0000000
477,167,159, 6584.20,0.97688202,136.38767,169.09680,0.0000000
478,168,159, 6584.00,0.77293553,182.64172,163.46549,0.0000000
479,169,159, 6584.20,0.69740849,242.81679,159.67843,0.0000000
480,170,159, 6584.00,0.74160776,217.70601,152.36584,0.0000000
481,171,159, 6584.00,0.85424759,214.24526,147.77052,0.0000000
482,172,159, 6584.00,0.93042707,233.31936,142.38726,0.0000000
483,173,159, 6584.00,0.93033630,248.94281,142.28001,0.0000000
484,174,159, 6584.00,0.80436359,287.42246,141.92597,0.0000000
485,148,160, 6581.60,5.1390703,16.680328,137.15383,0.0000000
486,149,160, 6581.60,5.4821724,16.495803,141.10578,0.0000000
487,150,160, 6581.70,5.5186945,17.641956,141.25877,0.0000000
488,151,160, 6581.80,5.2543428,21.115853,145.30321,0.0000000
489,152,160, 6581.90,5.2300457,20.162168,168.19106,0.0000000
490,153,160, 6582.50,5.2732203,23.397309,220.99155,0.0000000
491,154,160, 6582.50,8.7256517,24.646419,288.27174,0.0000000
492,155,160, 6582.70,11.270425,24.707946,278.11190,0.0000000
493,156,160, 6583.10,8.6540972,26.266631,258.53616,0.0000000
494,157,160, 6582.90,8.2673845,31.512348,264.39449,0.0000000
495,158,160, 6583.30,4.7775291,22.020726,221.27539,0.0000000
496,159,160, 6584.10,1.6115403,13.807818,133.96229,0.0000000
497,160,160, 6584.50,2.0245499,19.267411,128.41244,0.0000000
498,161,160, 6584.00,2.5923415,20.347649,136.28575,0.0000000
499,162,160, 6584.10,2.5229340,25.852586,139.64994,0.0000000
500,163,160, 6584.10,2.7504291,33.888070,148.75305,0.0000000
501,164,160, 6584.10,2.5136410,47.313926,154.15028,0.0000000
502,165,160, 6584.20,2.1179877,71.055386,167.78076,0.0000000
503,166,160, 6584.20,1.7984121,112.32648,176.06971,0.0000000
504,167,160, 6584.20,1.1936742,151.03906,175.89512,0.0000000
505,168,160, 6584.20,0.96364313,183.60064,175.94857,0.0000000
506,169,160, 6584.20,0.80571971,267.59711,169.00609,0.0000000
507,170,160, 6584.00,0.78987698,243.48747,156.33573,0.0000000
508,171,160, 6584.00,0.86913028,254.57270,149.86918,0.0000000
509,172,160, 6584.00,0.94856313,257.92775,144.87097,0.0000000
510,173,160, 6584.00,0.92819737,267.95485,143.11628,0.0000000
511,174,160, 6584.00,0.80609251,313.78370,143.03887,0.0000000
512,148,161, 6581.80,6.7963446,16.445233,137.51322,0.0000000
513,149,161, 6581.80,7.0451246,16.033013,139.95452,0.0000000
514,150,161, 6581.80,6.6919521,18.162249,146.56376,0.0000000
515,151,161, 6581.90,5.1528608,18.941645,158.40010,0.0000000
516,152,161, 6582.10,5.9490615,22.280852,191.94167,0.0000000
517,153,161, 6582.30,8.8591573,22.153323,240.32453,0.0000000
518,154,161, 6582.30,18.311890,13.911731,302.58448,0.0000000
519,155,161, 6582.70,16.907254,17.609444,296.08568,0.0000000
520,156,161, 6583.70,7.3395888,21.175784,230.08454,0.0000000
521,157,161, 6583.10,7.2617015,36.779624,260.64465,0.0000000
522,158,161, 6584.10,1.2192881,1.6523267,-89.137982,0.0000000
523,159,161, 6584.10,2.1943092,2.1565366,138.95790,0.0000000
524,160,161, 6584.30,3.6694325,2.1214282,148.96380,0.0000000
525,161,161, 6584.10,4.7387308,25.373111,157.30220,0.0000000
526,162,161, 6584.10,5.6926484,32.850693,165.74890,0.0000000
527,163,161, 6584.10,5.4666086,41.758821,169.27484,0.0000000
528,164,161, 6584.10,4.6035796,45.185120,168.85501,0.0000000
529,165,161, 6584.20,3.9374431,65.357418,183.19839,0.0000000
530,166,161, 6584.20,2.5988189,124.95602,191.33946,0.0000000
531,167,161, 6584.20,1.4982371,176.24301,187.66234,0.0000000
532,168,161, 6584.20,1.1642087,206.80822,181.44137,0.0000000
533,169,161, 6584.20,0.87059674,273.37376,175.80756,0.0000000
534,170,161, 6584.10,0.79038685,270.63245,153.35683,0.0000000
535,171,161, 6584.00,0.88946245,230.64651,153.15771,0.0000000
536,172,161, 6584.00,0.97496228,263.14167,145.48932,0.0000000
537,173,161, 6584.00,0.93776630,292.56833,144.31867,0.0000000
538,174,161, 6584.00,0.81969013,337.27959,144.11578,0.0000000
539,148,162, 6581.80,9.4128167,15.539103,147.48847,0.0000000
540,149,162, 6581.80,9.0986071,16.654154,147.29168,0.0000000
541,150,162, 6581.80,8.2276941,19.724899,158.94626,0.0000000
542,151,162, 6581.80,5.9666352,2.2930936,160.06179,0.0000000
543,152,162, 6582.00,7.3196551,31.573027,213.12820,0.0000000
544,153,162, 6582.20,5.7280052,2.0535395,197.69240,0.0000000
545,154,162, 6583.10,11.071095,15.688191,256.43334,0.0000000
546,155,162, 6583.10,13.629647,10.925202,268.84179,0.0000000
547,156,162, 6583.70,10.080956,15.306303,258.52793,0.0000000
548,157,162, 6583.70,8.5498200,22.872923,250.57866,0.0000000
549,158,162, 6583.90,6.7537580,21.216767,222.97536,0.0000000
550,159,162, 6584.10,4.8033179,2.4137741,159.77773,0.0000000
551,160,162, 6584.10,6.6134681,30.027252,181.71247,0.0000000
552,161,162, 6584.30,7.0861490,31.486317,177.56683,0.0000000
553,162,162, 6584.30,7.9188208,33.820737,181.35774,0.0000000
554,163,162, 6584.30,7.6788273,33.728456,177.21868,0.0000000
555,164,162, 6584.30,6.5482528,46.751231,172.85566,0.0000000
556,165,162, 6584.40,5.1895595,62.482255,185.82885,0.0000000
557,166,162, 6584.50,3.4847118,90.568427,198.00656,0.0000000
558,167,162, 6584.50,2.1115351,143.26573,188.34361,0.0000000
559,168,162, 6584.40,1.3303383,211.58085,184.55210,0.0000000
560,169,162, 6584.30,0.94055890,307.66579,180.17271,0.0000000
561,170,162, 6584.20,0.82467550,261.34009,163.12139,0.0000000
562,171,162, 6584.10,0.87734207,257.84788,153.95754,0.0000000
563,172,162, 6584.00,1.0079206,280.16871,149.99330,0.0000000
564,173,162, 6584.00,1.0141107,288.59660,146.81667,0.0000000
565,174,162, 6584.00,0.89306583,307.45775,147.22411,0.0000000
566,148,163, 6581.80,11.350193,15.655178,150.18751,0.0000000
567,149,163, 6581.80,10.834449,17.064872,154.70812,0.0000000
568,150,163, 6581.90,8.2843395,19.040700,161.08041,0.0000000
569,151,163, 6581.90,6.7010747,30.813094,178.38541,0.0000000
570,152,163, 6582.10,5.3224060,2.3379618,191.68546,0.0000000
571,153,163, 6583.10,4.4381793,2.2880578,178.82591,0.0000000
572,154,163, 6583.90,2.6353661,1.9395332,130.00547,0.0000000
573,155,163, 6584.10,3.9465834,2.2369904,145.65878,0.0000000
574,156,163, 6584.10,3.9197168,2.2987243,149.23240,0.0000000
575,157,163, 6584.10,4.2239133,2.3891812,164.31591,0.0000000
576,158,163, 6584.30,5.0781707,2.3854978,183.15293,0.0000000
577,159,163, 6584.30,5.3812446,2.3994800,163.37407,0.0000000
578,160,163, 6584.30,8.3822371,31.290163,193.91956,0.0000000
579,161,163, 6584.30,9.5982069,32.721418,195.40272,0.0000000
580,162,163, 6584.40,9.7229460,33.781549,186.69177,0.0000000
581,163,163, 6584.40,9.2695036,34.454206,177.99473,0.0000000
582,164,163, 6584.30,8.4088789,43.071705,179.20741,0.0000000
583,165,163, 6584.40,6.2912892,61.679873,187.90157,0.0000000
584,166,163, 6584.50,4.1563214,94.685998,199.19268,0.0000000
585,167,163, 6584.60,2.2677293,134.29122,184.35833,0.0000000
586,168,163, 6584.40,1.4662256,188.31874,186.24287,0.0000000
587,169,163, 6584.40,0.96231606,260.56177,177.52092,0.0000000
588,170,163, 6584.20,0.85621664,268.71960,164.32571,0.0000000
589,171,163, 6584.10,0.90574921,241.21840,155.10077,0.0000000
590,172,163, 6584.00,1.0235054,263.72989,150.96540,0.0000000
591,173,163, 6584.00,1.0525706,232.98451,147.72834,0.0000000
592,174,163, 6584.00,0.96742714,122.91625,153.88055,0.0000000
593,148,164, 6581.80,10.132718,12.184364,154.49805,0.0000000
594,149,164, 6581.80,9.8199039,14.156037,161.85270,0.0000000
595,150,164, 6581.80,9.3370915,22.529379,184.16684,0.0000000
596,151,164, 6582.20,7.9346788,30.590343,208.48003,0.0000000
597,152,164, 6582.40,8.5704409,22.689716,257.58687,0.0000000
598,153,164, 6583.60,5.5823319,32.220662,219.13383,0.0000000
599,154,164, 6584.20,2.7380282,2.1999268,137.65017,0.0000000
600,155,164, 6584.40,3.2897736,2.2640960,143.71656,0.0000000
601,156,164, 6584.40,3.6966797,2.2395194,151.93322,0.0000000
602,157,164, 6584.80,3.5255473,2.2195652,140.47202,0.0000000
603,158,164, 6584.80,5.4572758,2.3650439,178.54242,0.0000000
604,159,164, 6584.40,8.2914184,31.279941,211.27784,0.0000000
605,160,164, 6584.50,11.197341,28.746057,212.15327,0.0000000
606,161,164, 6584.50,12.187292,27.105247,215.17807,0.0000000
607,162,164, 6584.50,12.070277,33.915507,205.86430,0.0000000
608,163,164, 6584.50,10.430231,35.286476,189.25752,0.0000000
609,164,164, 6584.40,8.6791545,41.950186,183.59791,0.0000000
610,165,164, 6584.40,6.7053127,64.813223,196.10893,0.0000000
611,166,164, 6584.60,4.3058005,93.895535,204.03580,0.0000000
612,167,164, 6584.40,2.6913384,149.16303,201.62677,0.0000000
613,168,164, 6584.50,1.5197420,203.87886,195.68736,0.0000000
614,169,164, 6584.50,0.98970574,279.15525,185.45008,0.0000000
615,170,164, 6584.10,0.89196489,249.74372,174.93074,0.0000000
616,171,164, 6584.10,0.88815764,268.94204,167.47191,0.0000000
617,172,164, 6584.10,0.91640358,253.41484,155.65455,0.0000000
618,173,164, 6584.10,0.90622885,252.14349,149.21717,0.0000000
619,174,164, 6584.10,0.79479811,259.23683,150.87375,0.0000000
620,148,165, 6581.80,11.949533,16.253269,174.48632,0.0000000
621,149,165, 6581.90,12.027084,19.114165,184.80631,0.0000000
622,150,165, 6582.10,10.807649,25.195114,213.05929,0.0000000
623,151,165, 6582.30,10.163276,35.422247,253.32287,0.0000000
624,152,165, 6583.50,6.2575731,32.453904,226.04979,0.0000000
625,153,165, 6583.90,5.4262427,28.961401,204.22463,0.0000000
626,154,165, 6584.30,4.9706704,36.728220,179.77495,0.0000000
627,155,165, 6584.30,6.6858911,30.537535,207.19935,0.0000000
628,156,165, 6584.70,6.7565391,33.888473,207.19280,0.0000000
629,157,165, 6584.70,8.2076581,32.318231,215.67571,0.0000000
630,158,165, 6584.90,9.9657479,33.549081,220.63040,0.0000000
631,159,165, 6585.10,11.799226,29.797513,224.64556,0.0000000
632,160,165, 6585.00,13.616962,33.296580,230.16007,0.0000000
633,161,165, 6584.90,14.092742,29.183203,235.38074,0.0000000
634,162,165, 6584.70,12.024424,36.853942,217.12503,0.0000000
635,163,165, 6584.50,10.497845,44.204524,205.44011,0.0000000
636,164,165, 6584.40,8.0034245,50.656882,192.46860,0.0000000
637,165,165, 6584.40,6.0419921,77.604973,203.17252,0.0000000
638,166,165, 6584.60,4.3339484,47.482595,220.01555,0.0000000
639,167,165, 6584.60,2.3831164,168.30775,205.83786,0.0000000
640,168,165, 6584.60,1.5065396,225.03465,205.06180,0.0000000
641,169,165, 6584.40,1.0889471,314.15058,202.84998,0.0000000
642,170,165, 6584.40,0.82046569,301.35196,177.40673,0.0000000
643,171,165, 6584.20,0.85443610,251.15815,176.59477,0.0000000
644,172,165, 6584.20,0.90992214,140.61128,170.54685,0.0000000
645,173,165, 6584.20,0.78144554,266.46337,147.56609,0.0000000
646,174,165, 6584.20,0.69255015,276.58527,148.37648,0.0000000
647,148,166, 6582.00,11.552605,20.392463,188.08632,0.0000000
648,149,166, 6582.00,12.064580,25.073388,210.91716,0.0000000
649,150,166, 6582.20,11.817927,32.396630,242.11069,0.0000000
650,151,166, 6583.20,8.2933777,31.723640,229.86531,0.0000000
651,152,166, 6583.80,6.2955532,23.073842,189.60477,0.0000000
652,153,166, 6584.30,6.7606078,24.151698,174.90354,0.0000000
653,154,166, 6584.20,6.9586904,22.895213,188.94170,0.0000000
654,155,166, 6584.20,8.4843501,27.721538,202.85397,0.0000000
655,156,166, 6584.60,9.8629031,27.441709,217.38484,0.0000000
656,157,166, 6584.80,10.959146,29.830181,223.39761,0.0000000
657,158,166, 6585.00,12.700942,30.288086,227.75674,0.0000000
658,159,166, 6585.20,14.451470,20.977109,225.79271,0.0000000
659,160,166, 6585.20,14.935179,20.232792,227.74852,0.0000000
660,161,166, 6585.10,13.569500,25.926866,233.93407,0.0000000
661,162,166, 6584.70,11.923998,19.985878,241.63993,0.0000000
662,163,166, 6584.50,9.5944589,37.679273,232.86143,0.0000000
663,164,166, 6584.50,6.7458939,49.054220,214.03269,0.0000000
664,165,166, 6584.50,4.7950832,43.026803,219.72418,0.0000000
665,166,166, 6584.70,3.4554433,86.799336,227.64859,0.0000000
666,167,166, 6584.70,2.0821425,228.15279,214.92156,0.0000000
667,168,166, 6584.70,1.4644091,133.99564,221.43963,0.0000000
668,169,166, 6584.50,1.0635232,322.67380,211.05344,0.0000000
669,170,166, 6584.80,0.69525060,221.01434,190.51204,0.0000000
670,171,166, 6584.80,0.64084269,230.56868,188.48181,0.0000000
671,172,166, 6584.40,0.70676896,184.44389,161.11128,0.0000000
672,173,166, 6584.40,0.67227088,183.78265,151.84140,0.0000000
673,174,166, 6584.40,0.56516854,207.18575,147.08078,0.0000000
674,148,167, 6582.10,10.384506,30.107072,208.04921,0.0000000
675,149,167, 6582.40,10.644027,27.068847,225.39525,0.0000000
676,150,167, 6583.40,8.1558328,26.929011,218.64267,0.0000000
677,151,167, 6584.00,5.8903105,19.744914,164.20209,0.0000000
678,152,167, 6584.20,6.3760448,17.003250,158.65051,0.0000000
679,153,167, 6584.20,7.5039300,17.918574,164.62710,0.0000000
680,154,167, 6584.20,8.2756846,19.530874,177.16941,0.0000000
681,155,167, 6584.25,9.5577558,22.099854,188.53284,0.0000000
682,156,167, 6584.50,11.881353,26.244600,208.68235,0.0000000
683,157,167, 6584.70,12.862854,26.912600,218.05746,0.0000000
684,158,167, 6584.90,14.077193,28.830909,228.38323,0.0000000
685,159,167, 6585.10,14.747529,29.693463,234.40744,0.0000000
686,160,167, 6585.20,13.651299,32.670593,232.75961,0.0000000
687,161,167, 6585.20,11.647235,37.962835,233.07651,0.0000000
688,162,167, 6584.80,9.5818731,25.235447,245.71112,0.0000000
689,163,167, 6584.60,7.2718244,43.336534,244.62330,0.0000000
690,164,167, 6584.70,4.5058562,98.516568,217.00573,0.0000000
691,165,167, 6584.70,3.3959983,62.245832,227.43400,0.0000000
692,166,167, 6584.90,2.3237603,173.65406,221.09473,0.0000000
693,167,167, 6584.90,1.5763450,231.46125,215.86298,0.0000000
694,168,167, 6584.80,1.1723922,304.65320,214.16284,0.0000000
695,169,167, 6584.60,0.96141806,357.99028,213.85142,0.0000000
696,170,167, 6584.60,0.76871758,223.40175,193.26918,0.0000000
697,171,167, 6584.40,0.75622420,245.98567,195.60274,0.0000000
698,172,167, 6584.40,0.72074614,254.50339,184.31680,0.0000000
699,173,167, 6584.20,0.65430048,354.77028,168.38540,0.0000000
 








































